Vendor,Camera,Sensor Dimensions Name,Focal Length,Resolution Width,Resolution Height,Sensor mm Width,Sensor mm Height,Sensor mm Diagonal,Sensor Inches Width,Sensor Inches Height,Sensor Inches Diagonal,Info
ARRI,ALEXA 65,Open Gate,,6560,3100,54.12,25.58,59.861,2.131,1.007,2.357,
ARRI,ALEXA 65,LF Open Gate,,4448,3096,36.7,25.54,44.712,1.44,1.01,1.759,
ARRI,ALEXA 65,16:9,,5120,2880,42.24,23.76,48.464,1.663,0.935,1.908,
ARRI,ALEXA 65,3:2,,4320,2880,35.64,23.76,42.834,1.403,0.935,1.686,
ARRI,ALEXA LF,LF Open Gate Mode OG 4.5K,,4448,3096,36.7,25.54,44.712,1.445,1.005,1.76,
ARRI,ALEXA LF,LF 2.39:1 Scope Mode 4.5K,,4448,1856,36.7,15.31,39.765,1.445,0.603,1.566,
ARRI,ALEXA LF,LF 16:9 Mode 4K UHD,,3840,2160,31.68,17.82,36.348,1.247,0.702,1.431,
ARRI,ALEXA LF,LF 16:9 Mode 2K,,2048,1152,31.68,17.82,36.348,1.247,0.702,1.431,
ARRI,ALEXA LF,LF 16:9 Mode HD,,1920,1080,31.68,17.82,36.348,1.247,0.702,1.431,
ARRI,ALEXA Mini,4K UHD,,3840,2160,26.4,14.85,30.29,1.039,0.585,1.192,
ARRI,ALEXA Mini,3.4K Open Gate,,3424,2202,28.25,18.17,33.589,1.112,0.715,1.322,
ARRI,ALEXA Mini,3.2K,,3200,1800,26.4,14.85,30.29,1.039,0.585,1.192,
ARRI,ALEXA Mini,2.8K 4:3,,2880,2160,23.76,17.82,29.7,0.935,0.702,1.169,
ARRI,ALEXA Mini,2.8K,,2880,1620,23.76,13.37,27.263,0.935,0.526,1.073,
ARRI,ALEXA Mini,2K Anamorphic 2.39:1 2560 x 2145,,2560,2145,21.12,17.7,27.556,0.831,0.697,1.085,
ARRI,ALEXA Mini,2K,,2048,1152,23.66,13.3,27.142,0.932,0.524,1.069,
ARRI,ALEXA Mini,2K Anamorphic 2.39:1 2048 x 858,,2048,858,21.12,17.7,27.556,0.831,0.697,1.085,
ARRI,ALEXA Mini,HD Anamorphic 16:9,,1920,2160,15.84,17.82,23.842,0.624,0.702,0.939,
ARRI,ALEXA Mini,HD Anamorphic,,1920,1080,15.84,17.82,23.842,0.624,0.702,0.939,
ARRI,ALEXA Mini,HD,,1920,1080,23.76,13.37,27.263,0.935,0.526,1.073,
ARRI,ALEXA Mini,S16 HD,,1920,1080,13.2,7.425,15.145,0.52,0.292,0.596,
ARRI,ALEXA SXT Studio,Open Gate Mode 4K Cine,,4096,2636,28.17,18.13,33.5,1.109,0.714,1.319,
ARRI,ALEXA SXT Studio,Open Gate Mode 3.4K,,3424,2202,28.25,18.17,33.589,1.112,0.715,1.322,
ARRI,ALEXA SXT Studio,6:5 Mode 4K Cine Anamorphic,,4096,1716,21.12,17.7,27.556,0.831,0.697,1.085,
ARRI,ALEXA SXT Studio,6:5 Mode 2.6K,,2578,2160,21.38,17.82,27.833,0.842,0.702,1.096,
ARRI,ALEXA SXT Studio,6:5 Mode 2K Anamorphic,,2048,858,21.12,17.7,27.556,0.831,0.697,1.085,
ARRI,ALEXA SXT Studio,4:3 Mode 2.8K,,2880,2160,23.76,17.82,29.7,0.935,0.702,1.169,
ARRI,ALEXA SXT Studio,16:9 Mode 4K UHD,,3840,2160,26.4,14.85,30.29,1.039,0.585,1.192,
ARRI,ALEXA SXT Studio,16:9 Mode 3.2K 3200 x 1800,,3200,1800,26.4,14.85,30.29,1.039,0.585,1.192,
ARRI,ALEXA SXT Studio,16:9 Mode 3.2K 3168 x 1782,,3168,1782,26.14,14.7,29.99,1.029,0.579,1.181,
ARRI,ALEXA SXT Studio,16:9 Mode 2.8K,,2880,1620,23.76,13.37,27.263,0.935,0.526,1.073,
ARRI,ALEXA SXT Studio,16:9 Mode 2K,,2048,1152,23.76,13.37,27.263,0.935,0.526,1.073,
ARRI,ALEXA SXT Studio,16:9 Mode HD,,1920,1080,23.76,13.37,27.263,0.935,0.526,1.073,
ARRI,ALEXA SXT Plus,Open Gate Mode 4K Cine,,4096,2636,28.17,18.13,33.5,1.109,0.714,1.319,
ARRI,ALEXA SXT Plus,Open Gate Mode 3.4K,,3424,2202,28.25,18.17,33.589,1.112,0.715,1.322,
ARRI,ALEXA SXT Plus,6:5 Mode 4K Cine Anamorphic,,4096,1716,21.12,17.7,27.556,0.831,0.697,1.085,
ARRI,ALEXA SXT Plus,6:5 Mode 2.6K,,2578,2160,21.38,17.82,27.833,0.842,0.702,1.096,
ARRI,ALEXA SXT Plus,6:5 Mode 2K Anamorphic,,2048,858,21.12,17.7,27.556,0.831,0.697,1.085,
ARRI,ALEXA SXT Plus,4:3 Mode 2.8K,,2880,2160,23.76,17.82,29.7,0.935,0.702,1.169,
ARRI,ALEXA SXT Plus,16:9 Mode 4K UHD,,3840,2160,26.4,14.85,30.29,1.039,0.585,1.192,
ARRI,ALEXA SXT Plus,16:9 Mode 3.2K 3200 x 1800,,3200,1800,26.4,14.85,30.29,1.039,0.585,1.192,
ARRI,ALEXA SXT Plus,16:9 Mode 3.2K 3168 x 1782,,3168,1782,26.14,14.7,29.99,1.029,0.579,1.181,
ARRI,ALEXA SXT Plus,16:9 Mode 2.8K,,2880,1620,23.76,13.37,27.263,0.935,0.526,1.073,
ARRI,ALEXA SXT Plus,16:9 Mode 2K,,2048,1152,23.76,13.37,27.263,0.935,0.526,1.073,
ARRI,ALEXA SXT Plus,16:9 Mode HD,,1920,1080,23.76,13.37,27.263,0.935,0.526,1.073,
ARRI,ALEXA SXT,Open Gate Mode 4K Cine,,4096,2636,28.17,18.13,33.5,1.109,0.714,1.319,
ARRI,ALEXA SXT,Open Gate Mode 3.4K,,3424,2202,28.25,18.17,33.589,1.112,0.715,1.322,
ARRI,ALEXA SXT,6:5 Mode 4K Cine Anamorphic,,4096,1716,21.12,17.7,27.556,0.831,0.697,1.085,
ARRI,ALEXA SXT,6:5 Mode 2.6K,,2578,2160,21.38,17.82,27.833,0.842,0.702,1.096,
ARRI,ALEXA SXT,6:5 Mode 2K Anamorphic,,2048,858,21.12,17.7,27.556,0.831,0.697,1.085,
ARRI,ALEXA SXT,4:3 Mode 2.8K,,2880,2160,23.76,17.82,29.7,0.935,0.702,1.169,
ARRI,ALEXA SXT,16:9 Mode 4K UHD,,3840,2160,26.4,14.85,30.29,1.039,0.585,1.192,
ARRI,ALEXA SXT,16:9 Mode 3.2K 3200 x 1800,,3200,1800,26.4,14.85,30.29,1.039,0.585,1.192,
ARRI,ALEXA SXT,16:9 Mode 3.2K 3168 x 1782,,3168,1782,26.14,14.7,29.99,1.029,0.579,1.181,
ARRI,ALEXA SXT,16:9 Mode 2.8K,,2880,1620,23.76,13.37,27.263,0.935,0.526,1.073,
ARRI,ALEXA SXT,16:9 Mode 2K,,2048,1152,23.76,13.37,27.263,0.935,0.526,1.073,
ARRI,ALEXA SXT,16:9 Mode HD,,1920,1080,23.76,13.37,27.263,0.935,0.526,1.073,
ARRI,ALEXA XR Studio,Open Gate Mode Open Gate,,3414,2198,28.25,18.17,33.589,1.112,0.715,1.322,
ARRI,ALEXA XR Studio,4:3 Mode Full,,2880,2160,23.76,17.82,29.7,0.935,0.702,1.169,
ARRI,ALEXA XR Studio,4:3 Mode Cropped,,2578,2160,21.27,17.82,27.748,0.837,0.702,1.092,
ARRI,ALEXA XR Studio,4:3 Mode 2K,,2048,1536,23.66,17.75,29.578,0.932,0.699,1.165,
ARRI,ALEXA XR Studio,16:9 Mode 3.2K,,3164,1778,26.14,14.7,29.99,1.029,0.579,1.181,
ARRI,ALEXA XR Studio,16:9 Mode 2.8K,,2880,1620,23.76,13.37,27.263,0.935,0.526,1.073,
ARRI,ALEXA XR Studio,16:9 Mode 2K,,2048,1152,23.66,13.32,27.152,0.932,0.524,1.069,
ARRI,ALEXA XR Studio,16:9 Mode HD,,1920,1080,23.76,13.37,27.263,0.935,0.526,1.073,
ARRI,ALEXA XR Plus,Open Gate Mode Open Gate,,3414,2198,28.25,18.17,33.589,1.112,0.715,1.322,
ARRI,ALEXA XR Plus,4:3 Mode Full,,2880,2160,23.76,17.82,29.7,0.935,0.702,1.169,
ARRI,ALEXA XR Plus,4:3 Mode Cropped,,2578,2160,21.27,17.82,27.748,0.837,0.702,1.092,
ARRI,ALEXA XR Plus,4:3 Mode 2K,,2048,1536,23.66,17.75,29.578,0.932,0.699,1.165,
ARRI,ALEXA XR Plus,16:9 Mode 3.2K,,3164,1778,26.14,14.7,29.99,1.029,0.579,1.181,
ARRI,ALEXA XR Plus,16:9 Mode 2.8K,,2880,1620,23.76,13.37,27.263,0.935,0.526,1.073,
ARRI,ALEXA XR Plus,16:9 Mode 2K,,2048,1152,23.66,13.32,27.152,0.932,0.524,1.069,
ARRI,ALEXA XR Plus,16:9 Mode HD,,1920,1080,23.76,13.37,27.263,0.935,0.526,1.073,
ARRI,ALEXA XT B+W,Open Gate Mode Open Gate,,3414,2198,28.25,18.17,33.589,1.112,0.715,1.322,
ARRI,ALEXA XT B+W,4:3 Mode Full,,2880,2160,23.76,17.82,29.7,0.935,0.702,1.169,
ARRI,ALEXA XT B+W,4:3 Mode Cropped,,2578,2160,21.27,17.82,27.748,0.837,0.702,1.092,
ARRI,ALEXA XT B+W,4:3 Mode 2K,,2048,1536,23.66,17.75,29.578,0.932,0.699,1.165,
ARRI,ALEXA XT B+W,16:9 Mode 3.2K,,3164,1778,26.14,14.7,29.99,1.029,0.579,1.181,
ARRI,ALEXA XT B+W,16:9 Mode 2.8K,,2880,1620,23.76,13.37,27.263,0.935,0.526,1.073,
ARRI,ALEXA XT B+W,16:9 Mode 2K,,2048,1152,23.66,13.32,27.152,0.932,0.524,1.069,
ARRI,ALEXA XT B+W,16:9 Mode HD,,1920,1080,23.76,13.37,27.263,0.935,0.526,1.073,
ARRI,ALEXA XT Studio,Open Gate Mode Open Gate,,3414,2198,28.25,18.17,33.589,1.112,0.715,1.322,
ARRI,ALEXA XT Studio,4:3 Mode Full,,2880,2160,23.76,17.82,29.7,0.935,0.702,1.169,
ARRI,ALEXA XT Studio,4:3 Mode Cropped,,2578,2160,21.27,17.82,27.748,0.837,0.702,1.092,
ARRI,ALEXA XT Studio,4:3 Mode 2K,,2048,1536,23.66,17.75,29.578,0.932,0.699,1.165,
ARRI,ALEXA XT Studio,16:9 Mode 3.2K,,3164,1778,26.14,14.7,29.99,1.029,0.579,1.181,
ARRI,ALEXA XT Studio,16:9 Mode 2.8K,,2880,1620,23.76,13.37,27.263,0.935,0.526,1.073,
ARRI,ALEXA XT Studio,16:9 Mode 2K,,2048,1152,23.66,13.32,27.152,0.932,0.524,1.069,
ARRI,ALEXA XT Studio,16:9 Mode HD,,1920,1080,23.76,13.37,27.263,0.935,0.526,1.073,
ARRI,ALEXA XT Plus,Open Gate Mode Open Gate,,3414,2198,28.25,18.17,33.589,1.112,0.715,1.322,
ARRI,ALEXA XT Plus,4:3 Mode Full,,2880,2160,23.76,17.82,29.7,0.935,0.702,1.169,
ARRI,ALEXA XT Plus,4:3 Mode Cropped,,2578,2160,21.27,17.82,27.748,0.837,0.702,1.092,
ARRI,ALEXA XT Plus,4:3 Mode 2K,,2048,1536,23.66,17.75,29.578,0.932,0.699,1.165,
ARRI,ALEXA XT Plus,16:9 Mode 3.2K,,3164,1778,26.14,14.7,29.99,1.029,0.579,1.181,
ARRI,ALEXA XT Plus,16:9 Mode 2.8K,,2880,1620,23.76,13.37,27.263,0.935,0.526,1.073,
ARRI,ALEXA XT Plus,16:9 Mode 2K,,2048,1152,23.66,13.32,27.152,0.932,0.524,1.069,
ARRI,ALEXA XT Plus,16:9 Mode HD,,1920,1080,23.76,13.37,27.263,0.935,0.526,1.073,
ARRI,ALEXA XT M,Open Gate Mode Open Gate,,3414,2198,28.25,18.17,33.589,1.112,0.715,1.322,
ARRI,ALEXA XT M,4:3 Mode Full,,2880,2160,23.76,17.82,29.7,0.935,0.702,1.169,
ARRI,ALEXA XT M,4:3 Mode Cropped,,2578,2160,21.27,17.82,27.748,0.837,0.702,1.092,
ARRI,ALEXA XT M,4:3 Mode 2K,,2048,1536,23.66,17.75,29.578,0.932,0.699,1.165,
ARRI,ALEXA XT M,16:9 Mode 3.2K,,3164,1778,26.14,14.7,29.99,1.029,0.579,1.181,
ARRI,ALEXA XT M,16:9 Mode 2.8K,,2880,1620,23.76,13.37,27.263,0.935,0.526,1.073,
ARRI,ALEXA XT M,16:9 Mode 2K,,2048,1152,23.66,13.32,27.152,0.932,0.524,1.069,
ARRI,ALEXA XT M,16:9 Mode HD,,1920,1080,23.76,13.37,27.263,0.935,0.526,1.073,
ARRI,ALEXA XT,Open Gate Mode Open Gate,,3414,2198,28.25,18.17,33.589,1.112,0.715,1.322,
ARRI,ALEXA XT,4:3 Mode Full,,2880,2160,23.76,17.82,29.7,0.935,0.702,1.169,
ARRI,ALEXA XT,4:3 Mode Cropped,,2578,2160,21.27,17.82,27.748,0.837,0.702,1.092,
ARRI,ALEXA XT,4:3 Mode 2K,,2048,1536,23.66,17.75,29.578,0.932,0.699,1.165,
ARRI,ALEXA XT,16:9 Mode 3.2K,,3164,1778,26.14,14.7,29.99,1.029,0.579,1.181,
ARRI,ALEXA XT,16:9 Mode 2.8K,,2880,1620,23.76,13.37,27.263,0.935,0.526,1.073,
ARRI,ALEXA XT,16:9 Mode 2K,,2048,1152,23.66,13.32,27.152,0.932,0.524,1.069,
ARRI,ALEXA XT,16:9 Mode HD,,1920,1080,23.76,13.37,27.263,0.935,0.526,1.073,
ARRI,ALEXA Studio,All,,,,23.76,17.82,29.7,0.935,0.702,1.169,
ARRI,ALEXA Plus,All,,,,23.76,13.37,27.263,0.935,0.526,1.073,
ARRI,ALEXA M,All,,,,23.76,13.37,27.263,0.935,0.526,1.073,
ARRI,ALEXA,All,,,,23.76,13.37,27.263,0.935,0.526,1.073,
ARRI,AMIRA Premium,4K UHD,,3840,2160,26.4,14.85,30.29,1.039,0.585,1.192,
ARRI,AMIRA Premium,3.4K Open Gate,,3424,2202,28.25,18.17,33.589,1.112,0.715,1.322,
ARRI,AMIRA Premium,3.2K,,3200,1800,26.4,14.85,30.29,1.039,0.585,1.192,
ARRI,AMIRA Premium,2.8K,,2880,1620,23.76,17.82,29.7,0.935,0.702,1.169,
ARRI,AMIRA Premium,2K,,2048,1152,23.66,13.3,27.142,0.932,0.524,1.069,
ARRI,AMIRA Premium,HD,,1920,1080,23.76,13.37,27.263,0.935,0.526,1.073,
ARRI,AMIRA Premium,S16 HD,,1920,1080,13.2,7.425,15.145,0.52,0.292,0.596,
ARRI,AMIRA Advanced,4K UHD,,3840,2160,26.4,14.85,30.29,1.039,0.585,1.192,
ARRI,AMIRA Advanced,3.4K Open Gate,,3424,2202,28.25,18.17,33.589,1.112,0.715,1.322,
ARRI,AMIRA Advanced,3.2K,,3200,1800,26.4,14.85,30.29,1.039,0.585,1.192,
ARRI,AMIRA Advanced,2.8K,,2880,1620,23.76,17.82,29.7,0.935,0.702,1.169,
ARRI,AMIRA Advanced,2K,,2048,1152,23.66,13.3,27.142,0.932,0.524,1.069,
ARRI,AMIRA Advanced,HD,,1920,1080,23.76,13.37,27.263,0.935,0.526,1.073,
ARRI,AMIRA Advanced,S16 HD,,1920,1080,13.2,7.425,15.145,0.52,0.292,0.596,
ARRI,AMIRA,4K UHD,,3840,2160,26.4,14.85,30.29,1.039,0.585,1.192,
ARRI,AMIRA,3.4K Open Gate,,3424,2202,28.25,18.17,33.589,1.112,0.715,1.322,
ARRI,AMIRA,3.2K,,3200,1800,26.4,14.85,30.29,1.039,0.585,1.192,
ARRI,AMIRA,2.8K,,2880,1620,23.76,17.82,29.7,0.935,0.702,1.169,
ARRI,AMIRA,2K,,2048,1152,23.66,13.3,27.142,0.932,0.524,1.069,
ARRI,AMIRA,HD,,1920,1080,23.76,13.37,27.263,0.935,0.526,1.073,
ARRI,AMIRA,S16 HD,,1920,1080,13.2,7.425,15.145,0.52,0.292,0.596,
ARRI,Arriflex D-21,All,,,,23.76,13.365,27.261,0.9354,0.5262,1.073,
ARRI,Arriflex D-20,All,,,,23.76,13.365,27.261,0.9354,0.5262,1.073,
Blackmagic,URSA 4.6K,All,,,,25.34,14.25,29.072,0.997,0.561,1.144,
Blackmagic,URSA 4K,All,,,,21.12,11.88,24.232,0.831,0.467,0.953,
Blackmagic,URSA Mini Pro 4.6K G2,4.6K 16:9,,4608,2592,25.34,14.25,29.072,0.997,0.561,1.144,
Blackmagic,URSA Mini Pro 4.6K G2,4.6K 2.40:1,,4608,1920,25.34,10.55,27.448,0.997,0.415,1.08,
Blackmagic,URSA Mini Pro 4.6K G2,4K 16:9,,4096,2304,22.52,12.66,25.835,0.887,0.498,1.017,
Blackmagic,URSA Mini Pro 4.6K G2,4K DCI,,4096,2160,22.52,11.87,25.457,0.887,0.467,1.002,
Blackmagic,URSA Mini Pro 4.6K G2,Ultra HD,,3840,2160,21.12,11.87,24.227,0.831,0.467,0.953,
Blackmagic,URSA Mini Pro 4.6K G2,3K Anamorphic,,3072,2560,16.89,14.07,21.983,0.665,0.554,0.866,
Blackmagic,URSA Mini Pro 4.6K G2,2K 16:9,,2048,1152,11.26,6.33,12.917,0.443,0.249,0.508,
Blackmagic,URSA Mini Pro 4.6K G2,2K DCI,,2048,1080,11.26,5.93,12.726,0.443,0.233,0.501,
Blackmagic,URSA Mini Pro 4.6K G2,HD,,1920,1080,10.55,5.93,12.102,0.415,0.233,0.476,
Blackmagic,URSA Mini Pro 4.6K,4.6K 16:9,,4608,2592,25.34,14.25,29.072,0.997,0.561,1.144,
Blackmagic,URSA Mini Pro 4.6K,4.6K 2.40:1,,4608,1920,25.34,10.55,27.448,0.997,0.415,1.08,
Blackmagic,URSA Mini Pro 4.6K,4K 16:9,,4096,2304,22.52,12.66,25.835,0.887,0.498,1.017,
Blackmagic,URSA Mini Pro 4.6K,4K DCI,,4096,2160,22.52,11.87,25.457,0.887,0.467,1.002,
Blackmagic,URSA Mini Pro 4.6K,Ultra HD,,3840,2160,21.12,11.87,24.227,0.831,0.467,0.953,
Blackmagic,URSA Mini Pro 4.6K,3K Anamorphic,,3072,2560,16.89,14.07,21.983,0.665,0.554,0.866,
Blackmagic,URSA Mini Pro 4.6K,2K 16:9,,2048,1152,11.26,6.33,12.917,0.443,0.249,0.508,
Blackmagic,URSA Mini Pro 4.6K,2K DCI,,2048,1080,11.26,5.93,12.726,0.443,0.233,0.501,
Blackmagic,URSA Mini Pro 4.6K,HD,,1920,1080,10.55,5.93,12.102,0.415,0.233,0.476,
Blackmagic,URSA Mini 4.6k,All,,,,25.34,14.25,29.072,0.997,0.561,1.144,
Blackmagic,URSA Mini 4k,All,,,,22.0,11.88,25.003,0.866,0.467,0.984,
Blackmagic,URSA Broadcast,All,,,,13.056,7.344,14.98,0.514,0.289,0.59,
Blackmagic,Studio Camera 4K,All,,,,13.056,7.344,14.98,0.514,0.289,0.59,
Blackmagic,Studio Camera HD,All,,,,12.48,7.02,14.319,0.491,0.276,0.563,
Blackmagic,Micro Studio Camera 4K,All,,,,13.056,7.344,14.98,0.514,0.289,0.59,
Blackmagic,Micro Cinema Camera,All,,,,12.48,7.02,14.319,0.491,0.276,0.563,
Blackmagic,Production Camera 4K,All,,,,21.12,11.88,24.232,0.831,0.468,0.954,
Blackmagic,Cinema Camera,All,,,,15.81,8.88,18.133,0.622,0.35,0.714,
Blackmagic,Pocket Cinema Camera 4K,All,,,,18.96,10.0,21.436,0.746,0.394,0.844,
Blackmagic,Pocket Cinema Camera,All,,,,12.48,7.02,14.319,0.491,0.276,0.563,
Blackmagic,Cinema Camera 6K,6K 3:2,,6048,4032,36,24,43.267,1.417,0.945,1.703,
Blackmagic,Cinema Camera 6K,6K 17:9,,6048,3200,36.0,19.048,40.729,1.417,0.75,1.603,
Blackmagic,Cinema Camera 6K,6K 2.4:1,,6048,2520,36,15,39.0,1.417,0.591,1.535,
Blackmagic,Cinema Camera 6K,4K 6:5,,4832,4032,28.762,24.0,37.46,1.132,0.945,1.475,
Blackmagic,Cinema Camera 6K,4K 4:3,,4096,3072,24.381,18.286,30.476,0.96,0.72,1.2,
Blackmagic,Cinema Camera 6K,4K 17:9,,4096,2160,24.381,12.857,27.563,0.96,0.506,1.085,
Blackmagic,Cinema Camera 6K,2K 16:9,,2112,1184,12.571,7.048,14.412,0.495,0.277,0.567,
Blackmagic,Cinema Camera 6K,HD 16:9,,1920,1080,11.429,6.429,13.113,0.45,0.253,0.516,
Blackmagic,PYXIS 6K,6K 3:2,,6048,4032,36,24,43.267,1.417,0.945,1.703,
Blackmagic,PYXIS 6K,6K 17:9,,6048,3200,36.0,19.048,40.729,1.417,0.75,1.603,
Blackmagic,PYXIS 6K,6K 2.4:1,,6048,2520,36,15,39.0,1.417,0.591,1.535,
Blackmagic,PYXIS 6K,4K 6:5,,4832,4032,28.762,24.0,37.46,1.132,0.945,1.475,
Blackmagic,PYXIS 6K,4K 4:3,,4096,3072,24.381,18.286,30.476,0.96,0.72,1.2,
Blackmagic,PYXIS 6K,4K 17:9,,4096,2160,24.381,12.857,27.563,0.96,0.506,1.085,
Blackmagic,PYXIS 6K,2K 16:9,,2112,1184,12.571,7.048,14.412,0.495,0.277,0.567,
Blackmagic,PYXIS 6K,HD 16:9,,1920,1080,11.429,6.429,13.113,0.45,0.253,0.516,
Canon,EOS C700,All,,,,24.0,13.5,27.536,0.945,0.531,1.084,
Canon,EOS C700 GS PL,All,,,,24.0,13.5,27.536,0.945,0.531,1.084,
Canon,EOS C500,4K 17:9 Mode,,4096,2160,26.21,13.82,29.63,1.032,0.544,1.167,
Canon,EOS C500,4K 16:9 Mode,,3840,2160,24.58,13.82,28.199,0.968,0.544,1.11,
Canon,EOS C500,2K 17:9 Mode,,2048,1080,26.21,13.82,29.63,1.032,0.544,1.167,
Canon,EOS C500,2K 16:9 Mode,,1920,1080,24.58,13.82,28.199,0.968,0.544,1.11,
Canon,EOS C300 Mark II,All,,,,24.6,13.8,28.206,0.968,0.543,1.11,
Canon,EOS C300,All,,,,24.6,13.8,28.206,0.968,0.543,1.11,
Canon,EOS C100 Mark II,All,,,,24.6,13.8,28.206,0.968,0.543,1.11,
Canon,EOS C100,All,,,,24.6,13.8,28.206,0.968,0.543,1.11,
Canon,EOS 1D C,All,,,,36.0,20.25,41.305,1.417,0.797,1.626,
Canon,ME200S-SH,All,,,,24.6,13.8,28.206,0.968,0.543,1.11,
Canon,ME20F-SH,All,,,,24.6,13.8,28.206,0.968,0.543,1.11,
Canon,XC10 4K Camcorder,All,,,,12.8,9.6,16.0,0.504,0.378,0.63,
Canon,EOS 1D X,All,,,,36.0,20.25,41.305,1.417,0.797,1.626,
Canon,EOS 1D Mark IV,All,,,,27.9,15.7,32.014,1.098,0.618,1.26,
Canon,EOS 5D Mark IV,All,,,,36.0,20.25,41.305,1.417,0.797,1.626,
Canon,EOS 5D Mark III,All,,,,36.0,20.25,41.305,1.417,0.797,1.626,
Canon,EOS 5D Mark II,All,,,,36.0,20.25,41.305,1.417,0.797,1.626,
Canon,EOS 6D,All,,,,35.8,20.1,41.057,1.409,0.793,1.617,
Canon,EOS 7D Mark II,All,,,,22.4,12.6,25.701,0.882,0.496,1.012,
Canon,EOS 7D,All,,,,22.3,12.5,25.564,0.878,0.492,1.006,
Canon,EOS 60Da,All,,,,22.3,12.5,25.564,0.878,0.492,1.006,
Canon,EOS 60D,All,,,,22.3,12.5,25.564,0.878,0.492,1.006,
Canon,EOS 70D,All,,,,22.5,12.7,25.837,0.886,0.498,1.016,
Canon,EOS 80D,All,,,,22.5,12.7,25.837,0.886,0.498,1.016,
Canon,EOS 700D / Rebel T5i,All,,,,22.3,12.5,25.564,0.878,0.492,1.006,
Canon,EOS 650D / Rebel T4i,All,,,,22.3,12.5,25.564,0.878,0.492,1.006,
Canon,EOS 600D / Rebel T3i,All,,,,22.3,12.5,25.564,0.878,0.492,1.006,
Canon,EOS 550D / Rebel T2i,All,,,,22.3,12.5,25.564,0.878,0.492,1.006,
Panasonic,VariCam Pure,All,,,,23.6,13.3,27.09,0.929,0.524,1.067,
Panasonic,VariCam 35,All,,,,23.6,13.3,27.09,0.929,0.524,1.067,
Panasonic,VariCam LT,All,,,,23.6,13.3,27.09,0.929,0.524,1.067,
Panasonic,VariCam HS,All,,,,8.8,6.6,11.0,0.346,0.26,0.433,
Panasonic,VariCam AJ-HDC27H,All,,,,9.59,5.39,11.001,0.377,0.212,0.433,
Panasonic,AG-UX180,All,,,,12.8,7.2,14.686,0.504,0.283,0.578,
Panasonic,AG-UX90,All,,,,12.8,7.2,14.686,0.504,0.283,0.578,
Panasonic,AG-DVX200,All,,,,17.3,9.7,19.834,0.681,0.383,0.781,
Panasonic,AG-AF100,All,,,,17.3,13.0,21.64,0.68,0.51,0.85,
Panasonic,Lumix GH5,All,,,,17.3,13.0,21.64,0.68,0.51,0.85,
Panasonic,Lumix GH4,All,,,,17.3,13.0,21.64,0.68,0.51,0.85,
Panasonic,Lumix GH3,All,,,,17.3,13.0,21.64,0.68,0.51,0.85,
Panasonic,Lumix GH2,All,,,,17.3,13.0,21.64,0.68,0.51,0.85,
Panasonic,Lumix GH1,All,,,,17.3,13.0,21.64,0.68,0.51,0.85,
Panavision,Millennium DXL2,1.9:1 Mode 8K Open Gate,,8192,4320,40.96,21.6,46.306,1.613,0.85,1.823,
Panavision,Millennium DXL2,1.9:1 Mode 7.5K,,7680,4080,38.4,20.4,43.482,1.512,0.803,1.712,
Panavision,Millennium DXL2,1.9:1 Mode 7K,,7168,3780,35.84,18.9,40.518,1.411,0.744,1.595,
Panavision,Millennium DXL2,1.9:1 Mode 6.5K,,6656,3536,33.28,17.68,37.685,1.31,0.696,1.483,
Panavision,Millennium DXL2,1.9:1 Mode 6K,,6144,3240,30.72,16.2,34.73,1.209,0.638,1.367,
Panavision,Millennium DXL2,1.9:1 Mode 5K,,5120,2700,25.6,13.5,28.941,1.008,0.531,1.139,
Panavision,Millennium DXL2,1.9:1 Mode 4K,,4096,2160,20.48,10.8,23.153,0.806,0.425,0.911,
Panavision,Millennium DXL2,1.9:1 Mode 3K,,3072,1620,15.36,8.1,17.365,0.605,0.319,0.684,
Panavision,Millennium DXL2,1.9:1 Mode 2K,,2048,1080,10.24,5.4,11.577,0.403,0.213,0.456,
Panavision,Millennium DXL2,1.78:1 Mode 8K Open Gate,,8192,4320,40.96,21.6,46.306,1.613,0.85,1.823,
Panavision,Millennium DXL2,1.78:1 Mode 8K,,7680,4320,38.4,21.6,44.058,1.512,0.85,1.735,
Panavision,Millennium DXL2,1.78:1 Mode 7.5K,,7296,4104,36.48,20.52,41.855,1.436,0.808,1.648,
Panavision,Millennium DXL2,1.78:1 Mode 7K,,6720,3780,33.6,18.9,38.551,1.323,0.744,1.518,
Panavision,Millennium DXL2,1.78:1 Mode 6.5K,,6144,3456,30.72,17.28,35.247,1.209,0.68,1.387,
Panavision,Millennium DXL2,1.78:1 Mode 6K,,5760,3240,28.8,16.2,33.044,1.134,0.638,1.301,
Panavision,Millennium DXL2,1.78:1 Mode 5K,,4800,2700,24.0,13.5,27.536,0.945,0.531,1.084,
Panavision,Millennium DXL2,1.78:1 Mode 4K,,3840,2160,19.2,10.8,22.029,0.756,0.425,0.867,
Panavision,Millennium DXL2,2.4:1 WS Mode 8K Open Gate,,8192,4320,40.96,21.6,46.306,1.613,0.85,1.823,
Panavision,Millennium DXL2,2.4:1 WS Mode 8K,,8192,3456,40.96,17.28,44.456,1.613,0.68,1.75,
Panavision,Millennium DXL2,2.4:1 WS Mode 7.5K,,7680,3240,38.4,16.2,41.677,1.512,0.638,1.641,
Panavision,Millennium DXL2,2.4:1 WS Mode 7K,,7168,3024,35.84,15.12,38.899,1.411,0.595,1.531,
Panavision,Millennium DXL2,2.4:1 WS Mode 6.5K,,6656,2808,33.28,14.04,36.12,1.31,0.553,1.422,
Panavision,Millennium DXL2,2.4:1 WS Mode 6K,,6144,2592,30.72,12.96,33.342,1.209,0.51,1.312,
Panavision,Millennium DXL2,2.4:1 WS Mode 5K,,5120,2160,25.6,10.8,27.785,1.008,0.425,1.094,
Panavision,Millennium DXL2,2.4:1 WS Mode 4K,,4096,1728,20.48,8.64,22.228,0.806,0.34,0.875,
Panavision,Millennium DXL2,2.4:1 WS Mode 3K,,3072,1296,15.36,6.48,16.671,0.605,0.255,0.657,
Panavision,Millennium DXL2,2.4:1 WS Mode 2K,,2048,864,10.24,4.32,11.114,0.403,0.17,0.437,
Panavision,Millennium DXL2,Anamorphic 6:5 Mode 8K Open Gate,,8192,4320,40.96,21.6,46.306,1.613,0.85,1.823,
Panavision,Millennium DXL2,Anamorphic 6:5 Mode 8K,,5184,4320,25.92,21.6,33.74,1.02,0.85,1.328,
Panavision,Millennium DXL2,Anamorphic 6:5 Mode 7K,,4536,3780,22.68,18.9,29.523,0.893,0.744,1.162,
Panavision,Millennium DXL2,Anamorphic 6:5 Mode 6K,,3888,3240,19.44,16.2,25.305,0.765,0.638,0.996,
Panavision,Millennium DXL2,Anamorphic 6:5 Mode 5K,,3240,2700,16.2,13.5,21.088,0.638,0.531,0.83,
Panavision,Millennium DXL2,Anamorphic 6:5 Mode 4K,,2592,2160,12.96,10.8,16.87,0.51,0.425,0.664,
Panavision,Millennium DXL,8K Open Gate,,8192,4320,40.96,21.6,46.306,1.613,0.85,1.823,
Panavision,Millennium DXL,7.5K,,7680,4080,38.4,20.4,43.482,1.512,0.803,1.712,
Panavision,Millennium DXL,7K,,7168,3780,35.84,18.9,40.518,1.411,0.744,1.595,
Panavision,Millennium DXL,6.5K,,6656,3536,33.28,17.68,37.685,1.31,0.696,1.483,
Panavision,Millennium DXL,6K,,6144,3240,30.72,16.2,34.73,1.209,0.638,1.367,
Panavision,Millennium DXL,5K,,5120,2700,25.6,13.5,28.941,1.008,0.531,1.139,
Panavision,Millennium DXL,4K,,4096,2160,20.48,10.8,23.153,0.806,0.425,0.911,
Panavision,Millennium DXL,3K,,3072,1620,15.36,8.1,17.365,0.605,0.319,0.684,
Panavision,Millennium DXL,2K,,2048,1080,10.24,5.4,11.577,0.403,0.213,0.456,
Panavision,Millennium DXL,1.78:1 Mode 8K Open Gate,,8192,4320,40.96,21.6,46.306,1.613,0.85,1.823,
Panavision,Millennium DXL,1.78:1 Mode 8K,,7680,4320,38.4,21.6,44.058,1.512,0.85,1.735,
Panavision,Millennium DXL,1.78:1 Mode 7.5K,,7296,4104,36.48,20.52,41.855,1.436,0.808,1.648,
Panavision,Millennium DXL,1.78:1 Mode 7K,,6720,3780,33.6,18.9,38.551,1.323,0.744,1.518,
Panavision,Millennium DXL,1.78:1 Mode 6.5K,,6144,3456,30.72,17.28,35.247,1.209,0.68,1.387,
Panavision,Millennium DXL,1.78:1 Mode 6K,,5760,3240,28.8,16.2,33.044,1.134,0.638,1.301,
Panavision,Millennium DXL,1.78:1 Mode 5K,,4800,2700,24.0,13.5,27.536,0.945,0.531,1.084,
Panavision,Millennium DXL,1.78:1 Mode 4K,,3840,2160,19.2,10.8,22.029,0.756,0.425,0.867,
Panavision,Millennium DXL,2.4:1 WS Mode 8K Open Gate,,8192,4320,40.96,21.6,46.306,1.613,0.85,1.823,
Panavision,Millennium DXL,2.4:1 WS Mode 8K,,8192,3456,40.96,17.28,44.456,1.613,0.68,1.75,
Panavision,Millennium DXL,2.4:1 WS Mode 7.5K,,7680,3240,38.4,16.2,41.677,1.512,0.638,1.641,
Panavision,Millennium DXL,2.4:1 WS Mode 7K,,7168,3024,35.84,15.12,38.899,1.411,0.595,1.531,
Panavision,Millennium DXL,2.4:1 WS Mode 6.5K,,6656,2808,33.28,14.04,36.12,1.31,0.553,1.422,
Panavision,Millennium DXL,2.4:1 WS Mode 6K,,6144,2592,30.72,12.96,33.342,1.209,0.51,1.312,
Panavision,Millennium DXL,2.4:1 WS Mode 5K,,5120,2160,25.6,10.8,27.785,1.008,0.425,1.094,
Panavision,Millennium DXL,2.4:1 WS Mode 4K,,4096,1728,20.48,8.64,22.228,0.806,0.34,0.875,
Panavision,Millennium DXL,2.4:1 WS Mode 3K,,3072,1296,15.36,6.48,16.671,0.605,0.255,0.657,
Panavision,Millennium DXL,2.4:1 WS Mode 2K,,2048,864,10.24,4.32,11.114,0.403,0.17,0.437,
Panavision,Millennium DXL,Anamorphic 6:5 Mode 8K Open Gate,,8192,4320,40.96,21.6,46.306,1.613,0.85,1.823,
Panavision,Millennium DXL,Anamorphic 6:5 Mode 8K,,5184,4320,25.92,21.6,33.74,1.02,0.85,1.328,
Panavision,Millennium DXL,Anamorphic 6:5 Mode 7K,,4536,3780,22.68,18.9,29.523,0.893,0.744,1.162,
Panavision,Millennium DXL,Anamorphic 6:5 Mode 6K,,3888,3240,19.44,16.2,25.305,0.765,0.638,0.996,
Panavision,Millennium DXL,Anamorphic 6:5 Mode 5K,,3240,2700,16.2,13.5,21.088,0.638,0.531,0.83,
Panavision,Millennium DXL,Anamorphic 6:5 Mode 4K,,2592,2160,12.96,10.8,16.87,0.51,0.425,0.664,
Panavision,Genesis,All,,,,23.6,13.3,27.09,0.93,0.523,1.067,
Panavision,HD-900F,All,,,,9.59,5.39,11.001,0.377,0.212,0.433,
RED,WEAPON MONSTRO 8K W,8K FF,,8192,4320,40.96,21.6,46.306,1.613,0.85,1.823,
RED,WEAPON MONSTRO 8K W,8K 2:1,,8192,4096,40.96,20.48,45.795,1.613,0.806,1.803,
RED,WEAPON MONSTRO 8K W,8K WS,,8192,3456,40.96,17.28,44.456,1.613,0.68,1.75,
RED,WEAPON MONSTRO 8K W,8K HD,,7680,4320,38.4,21.6,44.058,1.512,0.85,1.735,
RED,WEAPON MONSTRO 8K W,7.5K FF,,7680,4080,38.4,20.4,43.482,1.512,0.803,1.712,
RED,WEAPON MONSTRO 8K W,7.5K 2:1,,7680,3840,38.4,19.2,42.933,1.512,0.756,1.69,
RED,WEAPON MONSTRO 8K W,7.5K WS,,7680,3240,38.4,16.2,41.677,1.512,0.638,1.641,
RED,WEAPON MONSTRO 8K W,7.5K HD,,7296,4104,36.48,20.52,41.855,1.436,0.808,1.648,
RED,WEAPON MONSTRO 8K W,7K FF,,7168,3780,35.84,18.9,40.518,1.411,0.744,1.595,
RED,WEAPON MONSTRO 8K W,7K 2:1,,7168,3584,35.84,17.92,40.07,1.411,0.705,1.577,
RED,WEAPON MONSTRO 8K W,7K WS,,7168,3024,35.84,15.12,38.899,1.411,0.595,1.531,
RED,WEAPON MONSTRO 8K W,7K HD,,6720,3780,33.6,18.9,38.551,1.322,0.744,1.517,
RED,WEAPON MONSTRO 8K W,6.5K FF,,6656,3536,33.28,17.68,37.685,1.31,0.696,1.483,
RED,WEAPON MONSTRO 8K W,6.5K 2:1,,6656,3328,33.28,16.64,37.208,1.31,0.655,1.465,
RED,WEAPON MONSTRO 8K W,6.5K WS,,6656,2808,33.28,14.04,36.12,1.31,0.553,1.422,
RED,WEAPON MONSTRO 8K W,6.5K HD,,6144,3456,30.72,17.28,35.247,1.209,0.582,1.342,
RED,WEAPON MONSTRO 8K W,6K FF,,6144,3240,30.72,16.2,34.73,1.209,0.622,1.36,
RED,WEAPON MONSTRO 8K W,6K 2:1,,6144,3072,30.72,15.36,34.346,1.209,0.604,1.351,
RED,WEAPON MONSTRO 8K W,6K WS,,6144,2592,30.72,12.96,33.342,1.209,0.509,1.312,
RED,WEAPON MONSTRO 8K W,6K HD,,5760,3240,28.8,16.2,33.044,1.134,0.622,1.293,
RED,WEAPON MONSTRO 8K W,5.5K FF,,5632,2948,28.16,14.74,31.784,1.101,0.58,1.244,
RED,WEAPON MONSTRO 8K W,5.5K 2:1,,5632,2816,28.16,14.08,31.484,1.101,0.554,1.233,
RED,WEAPON MONSTRO 8K W,5.5K WS,,5632,2376,28.16,11.88,30.563,1.101,0.468,1.196,
RED,WEAPON MONSTRO 8K W,5.5K HD,,5376,3024,26.88,15.12,30.841,1.058,0.595,1.214,
RED,WEAPON MONSTRO 8K W,5K FF,,5120,2700,25.58,13.49,28.919,1.007,0.531,1.138,
RED,WEAPON MONSTRO 8K W,5K 2:1,,5120,2560,25.58,12.79,28.599,1.007,0.503,1.126,
RED,WEAPON MONSTRO 8K W,5K WS,,5120,2160,25.58,10.79,27.763,1.007,0.424,1.093,
RED,WEAPON MONSTRO 8K W,5K HD,,4800,2700,23.98,13.49,27.514,0.944,0.531,1.083,
RED,WEAPON MONSTRO 8K W,4K FF,,4096,2160,20.47,10.79,23.14,0.87,0.459,0.984,
RED,WEAPON MONSTRO 8K W,4K 2:1,,4096,2048,20.47,10.23,22.884,0.87,0.435,0.973,
RED,WEAPON MONSTRO 8K W,4K WS,,4096,1728,20.47,8.63,22.215,0.87,0.362,0.942,
RED,WEAPON MONSTRO 8K W,4K HD,,3840,2160,19.19,10.79,22.015,0.816,0.459,0.936,
RED,WEAPON MONSTRO 8K W,3K,,3072,1620,16.59,8.75,18.756,0.653,0.344,0.738,
RED,WEAPON MONSTRO 8K W,3K HD,,2880,1620,15.55,8.75,17.843,0.0,0.344,0.344,
RED,WEAPON MONSTRO 8K W,3K 2:1,,3072,1536,16.59,8.29,18.546,0.653,0.326,0.73,
RED,WEAPON MONSTRO 8K W,3K WS,,3072,1280,16.59,6.91,17.972,0.653,0.272,0.707,
RED,WEAPON MONSTRO 8K W,2K,,2048,1080,11.06,5.83,12.502,0.435,0.229,0.492,
RED,WEAPON MONSTRO 8K W,2K HD,,1920,1080,10.37,5.83,11.896,0.408,0.229,0.468,
RED,WEAPON MONSTRO 8K W,2K 2:1,,2048,1024,11.06,5.54,12.37,0.435,0.218,0.487,
RED,WEAPON MONSTRO 8K W,2K WS,,2048,854,11.06,4.61,11.982,0.435,0.181,0.471,
RED,WEAPON MONSTRO 8K W,1K HD,,1280,720,6.91,3.88,7.925,0.272,0.153,0.312,
RED,WEAPON MONSTRO 8K W,1K WS,,1280,480,6.91,2.59,7.379,0.272,0.102,0.29,
RED,WEAPON HELIUM 8K S35,8K FF,,8192,4320,29.9,15.77,33.804,1.177,0.621,1.331,
RED,WEAPON HELIUM 8K S35,8K 2:1,,8192,4096,29.9,14.95,33.429,1.177,0.589,1.316,
RED,WEAPON HELIUM 8K S35,8K WS,,8192,3456,29.9,12.61,32.45,1.177,0.496,1.277,
RED,WEAPON HELIUM 8K S35,8K HD,,7680,4320,28.03,15.77,32.162,1.104,0.621,1.267,
RED,WEAPON HELIUM 8K S35,7.5K FF,,7680,4080,28.03,14.89,31.739,1.104,0.586,1.25,
RED,WEAPON HELIUM 8K S35,7.5K 2:1,,7680,3840,28.03,14.02,31.341,1.104,0.552,1.234,
RED,WEAPON HELIUM 8K S35,7.5K WS,,7680,3240,28.03,11.83,30.424,1.104,0.466,1.198,
RED,WEAPON HELIUM 8K S35,7.5K HD,,7296,4104,26.63,14.98,30.554,1.048,0.589,1.202,
RED,WEAPON HELIUM 8K S35,7K FF,,7168,3780,26.16,13.8,29.577,1.03,0.543,1.164,
RED,WEAPON HELIUM 8K S35,7K 2:1,,7168,3584,26.16,13.08,29.248,1.03,0.515,1.152,
RED,WEAPON HELIUM 8K S35,7K WS,,7168,3024,26.16,11.04,28.394,1.03,0.435,1.118,
RED,WEAPON HELIUM 8K S35,7K HD,,6720,3780,24.53,13.8,28.145,0.966,0.543,1.108,
RED,WEAPON HELIUM 8K S35,6.5K FF,,6656,3536,24.29,12.91,27.508,0.956,0.508,1.083,
RED,WEAPON HELIUM 8K S35,6.5K 2:1,,6656,3328,24.29,12.15,27.159,0.956,0.478,1.069,
RED,WEAPON HELIUM 8K S35,6.5K WS,,6656,2808,24.29,10.25,26.364,0.956,0.403,1.037,
RED,WEAPON HELIUM 8K S35,6.5K HD,,6144,3456,22.43,12.61,25.732,0.883,0.496,1.013,
RED,WEAPON HELIUM 8K S35,6K FF,,6144,3240,22.43,11.83,25.359,0.883,0.466,0.998,
RED,WEAPON HELIUM 8K S35,6K 2:1,,6144,3072,22.43,11.21,25.075,0.883,0.441,0.987,
RED,WEAPON HELIUM 8K S35,6K WS,,6144,2592,22.43,9.46,24.343,0.883,0.372,0.958,
RED,WEAPON HELIUM 8K S35,6K HD,,5760,3240,21.02,11.83,24.12,0.826,0.466,0.948,
RED,WEAPON HELIUM 8K S35,5.5K FF,,5600,2960,20.44,10.81,23.122,0.805,0.426,0.911,
RED,WEAPON HELIUM 8K S35,5.5K 2:1,,5600,2800,20.44,10.22,22.853,0.805,0.402,0.9,
RED,WEAPON HELIUM 8K S35,5.5K WS,,5600,2360,20.44,8.62,22.183,0.805,0.339,0.873,
RED,WEAPON HELIUM 8K S35,5.5K HD,,5280,2960,19.27,10.81,22.095,0.759,0.426,0.87,
RED,WEAPON HELIUM 8K S35,5K FF,,5120,2700,18.69,9.86,21.131,0.736,0.388,0.832,
RED,WEAPON HELIUM 8K S35,5K 2:1,,5120,2560,18.69,9.35,20.898,0.736,0.368,0.823,
RED,WEAPON HELIUM 8K S35,5K WS,,5120,2160,18.69,7.89,20.287,0.736,0.311,0.799,
RED,WEAPON HELIUM 8K S35,5K HD,,4800,2700,17.52,9.86,20.104,0.69,0.388,0.792,
RED,WEAPON HELIUM 8K S35,4K FF,,4096,2160,14.95,7.89,16.904,0.589,0.311,0.666,
RED,WEAPON HELIUM 8K S35,4K 2:1,,4096,2048,14.95,7.48,16.717,0.589,0.294,0.658,
RED,WEAPON HELIUM 8K S35,4K WS,,4096,1728,14.95,6.31,16.227,0.589,0.248,0.639,
RED,WEAPON HELIUM 8K S35,4K HD,,3840,2160,14.01,7.89,16.079,0.552,0.311,0.634,
RED,WEAPON HELIUM 8K S35,3K,,3072,1620,11.21,5.91,12.672,0.441,0.233,0.499,
RED,WEAPON HELIUM 8K S35,3K HD,,2880,1620,10.51,5.91,12.058,0.414,0.233,0.475,
RED,WEAPON HELIUM 8K S35,3K 2:1,,3072,1536,11.21,5.61,12.535,0.441,0.221,0.493,
RED,WEAPON HELIUM 8K S35,3K WS,,3072,1280,11.21,4.67,12.144,0.441,0.184,0.478,
RED,WEAPON HELIUM 8K S35,2K,,2048,1080,7.48,3.94,8.454,0.294,0.155,0.332,
RED,WEAPON HELIUM 8K S35,2K HD,,1920,1080,7.01,3.94,8.041,0.276,0.155,0.317,
RED,WEAPON HELIUM 8K S35,2K 2:1,,2048,1024,7.48,3.75,8.367,0.294,0.148,0.329,
RED,WEAPON HELIUM 8K S35,2K WS,,2048,854,7.48,3.12,8.105,0.294,0.123,0.319,
RED,WEAPON HELIUM 8K S35,1K HD,,1280,720,4.67,2.63,5.36,0.184,0.104,0.211,
RED,WEAPON HELIUM 8K S35,1K WS,,1280,480,4.67,1.75,4.987,0.184,0.069,0.197,
RED,WEAPON DRAGON 6K S35,6K FF,,6144,3160,30.7,15.8,34.527,1.208,0.622,1.359,
RED,WEAPON DRAGON 6K S35,6K 2:1,,6144,3072,30.7,15.35,34.324,1.208,0.604,1.351,
RED,WEAPON DRAGON 6K S35,6K WS,,6144,2592,30.7,12.95,33.32,1.208,0.509,1.311,
RED,WEAPON DRAGON 6K S35,6K HD,,5568,3132,27.82,15.65,31.92,1.095,0.616,1.256,
RED,WEAPON DRAGON 6K S35,5.5K FF,,5600,2960,27.98,14.79,31.648,1.101,0.582,1.245,
RED,WEAPON DRAGON 6K S35,5.5K 2:1,,5600,2800,27.98,13.99,31.283,1.101,0.55,1.231,
RED,WEAPON DRAGON 6K S35,5.5K WS,,5600,2360,27.98,11.79,30.363,1.101,0.464,1.195,
RED,WEAPON DRAGON 6K S35,5.5K HD,,5280,2960,26.38,14.79,30.243,1.038,0.582,1.19,
RED,WEAPON DRAGON 6K S35,5K FF,,5120,2700,25.58,13.49,28.919,1.007,0.531,1.138,
RED,WEAPON DRAGON 6K S35,5K 2:1,,5120,2560,25.58,12.79,28.599,1.007,0.503,1.126,
RED,WEAPON DRAGON 6K S35,5K WS,,5120,2160,25.58,10.79,27.763,1.007,0.424,1.093,
RED,WEAPON DRAGON 6K S35,5K HD,,4800,2700,23.98,13.49,27.514,0.944,0.531,1.083,
RED,WEAPON DRAGON 6K S35,4.5K FF,,4608,2432,23.04,12.16,26.052,0.907,0.479,1.026,
RED,WEAPON DRAGON 6K S35,4.5K 2:1,,4608,2304,23.04,11.52,25.76,0.907,0.453,1.014,
RED,WEAPON DRAGON 6K S35,4.5K WS,,4608,1944,23.04,9.72,25.006,0.907,0.383,0.985,
RED,WEAPON DRAGON 6K S35,4.5K HD,,4320,2432,21.6,12.16,24.788,0.85,0.479,0.976,
RED,WEAPON DRAGON 6K S35,4K FF,,4096,2160,20.47,10.79,23.14,0.87,0.459,0.984,
RED,WEAPON DRAGON 6K S35,4K 2:1,,4096,2048,20.47,10.23,22.884,0.87,0.435,0.973,
RED,WEAPON DRAGON 6K S35,4K WS,,4096,1728,20.47,8.63,22.215,0.87,0.362,0.942,
RED,WEAPON DRAGON 6K S35,4K HD,,3840,2160,19.19,10.79,22.015,0.816,0.459,0.936,
RED,WEAPON DRAGON 6K S35,3K,,3072,1620,16.59,8.75,18.756,0.653,0.344,0.738,
RED,WEAPON DRAGON 6K S35,3K HD,,2880,1620,15.55,8.75,17.843,0.0,0.344,0.344,
RED,WEAPON DRAGON 6K S35,3K 2:1,,3072,1536,16.59,8.29,18.546,0.653,0.326,0.73,
RED,WEAPON DRAGON 6K S35,3K WS,,3072,1280,16.59,6.91,17.972,0.653,0.272,0.707,
RED,WEAPON DRAGON 6K S35,2K,,2048,1080,11.06,5.83,12.502,0.435,0.229,0.492,
RED,WEAPON DRAGON 6K S35,2K HD,,1920,1080,10.37,5.83,11.896,0.408,0.229,0.468,
RED,WEAPON DRAGON 6K S35,2K 2:1,,2048,1024,11.06,5.54,12.37,0.435,0.218,0.487,
RED,WEAPON DRAGON 6K S35,2K WS,,2048,854,11.06,4.61,11.982,0.435,0.181,0.471,
RED,WEAPON DRAGON 6K S35,1K HD,,1280,720,6.91,3.88,7.925,0.272,0.153,0.312,
RED,WEAPON DRAGON 6K S35,1K WS,,1280,480,6.91,2.59,7.379,0.272,0.102,0.29,
RED,EPIC-W 8K,8K FF,,8192,4320,29.9,15.77,33.804,1.177,0.621,1.331,
RED,EPIC-W 8K,8K 2:1,,8192,4096,29.9,14.95,33.429,1.177,0.588,1.316,
RED,EPIC-W 8K,8K WS,,8192,3456,29.9,12.61,32.45,1.177,0.496,1.277,
RED,EPIC-W 8K,8K HD,,7680,4320,28.03,15.77,32.162,1.103,0.621,1.266,
RED,EPIC-W 8K,7.5K FF,,7680,4080,28.03,14.89,31.739,1.103,0.586,1.249,
RED,EPIC-W 8K,7.5K 2:1,,7680,3840,28.03,14.02,31.341,1.103,0.552,1.233,
RED,EPIC-W 8K,7.5K WS,,7680,3240,28.03,11.83,30.424,1.103,0.466,1.197,
RED,EPIC-W 8K,7.5K HD,,7296,4104,26.63,14.98,30.554,1.048,0.59,1.203,
RED,EPIC-W 8K,7K FF,,7168,3780,26.16,13.8,29.577,1.03,0.543,1.164,
RED,EPIC-W 8K,7K 2:1,,7168,3584,26.16,13.08,29.248,1.03,0.515,1.152,
RED,EPIC-W 8K,7K WS,,7168,3024,26.16,11.04,28.394,1.03,0.434,1.118,
RED,EPIC-W 8K,7K HD,,6720,3780,24.53,13.8,28.145,0.966,0.543,1.108,
RED,EPIC-W 8K,6.5K FF,,6656,3536,24.29,12.91,27.508,0.956,0.508,1.083,
RED,EPIC-W 8K,6.5K 2:1,,6656,3328,24.29,12.15,27.159,0.956,0.478,1.069,
RED,EPIC-W 8K,6.5K WS,,6656,2808,24.29,10.25,26.364,0.956,0.403,1.037,
RED,EPIC-W 8K,6.5K HD,,6144,3456,22.43,12.61,25.732,0.883,0.496,1.013,
RED,EPIC-W 8K,6K FF,,6144,3240,22.43,11.83,25.359,0.883,0.466,0.998,
RED,EPIC-W 8K,6K 2:1,,6144,3072,22.43,11.21,25.075,0.883,0.441,0.987,
RED,EPIC-W 8K,6K WS,,6144,2592,22.43,9.46,24.343,0.883,0.372,0.958,
RED,EPIC-W 8K,6K HD,,5760,3240,21.02,11.83,24.12,0.827,0.466,0.949,
RED,EPIC-W 8K,5.5K FF,,5632,2948,20.56,10.76,23.205,0.809,0.423,0.913,
RED,EPIC-W 8K,5.5K 2:1,,5632,2816,20.56,10.28,22.987,0.809,0.405,0.905,
RED,EPIC-W 8K,5.5K WS,,5632,2376,20.56,8.67,22.313,0.809,0.341,0.878,
RED,EPIC-W 8K,5.5K HD,,5376,3024,19.62,11.04,22.513,0.772,0.434,0.886,
RED,EPIC-W 8K,5K FF,,5120,2700,18.69,9.86,21.131,0.736,0.388,0.832,
RED,EPIC-W 8K,5K 2:1,,5120,2560,18.69,9.34,20.894,0.736,0.368,0.823,
RED,EPIC-W 8K,5K WS,,5120,2160,18.69,7.88,20.283,0.736,0.31,0.799,
RED,EPIC-W 8K,5K HD,,4800,2700,17.52,9.86,20.104,0.69,0.388,0.792,
RED,EPIC-W 8K,4.5K FF,,4608,2412,16.82,8.8,18.983,0.662,0.346,0.747,
RED,EPIC-W 8K,4.5K 2:1,,4608,2304,16.82,8.41,18.805,0.662,0.331,0.74,
RED,EPIC-W 8K,4.5K WS,,4608,1944,16.82,7.1,18.257,0.662,0.279,0.718,
RED,EPIC-W 8K,4.5K HD,,4320,2376,15.77,8.67,17.996,0.621,0.341,0.708,
RED,EPIC-W 8K,4K FF,,4096,2160,14.95,7.88,16.9,0.588,0.31,0.665,
RED,EPIC-W 8K,4K 2:1,,4096,2048,14.95,7.48,16.717,0.588,0.294,0.657,
RED,EPIC-W 8K,4K WS,,4096,1728,14.95,6.31,16.227,0.588,0.248,0.638,
RED,EPIC-W 8K,4K HD,,3840,2160,14.02,7.88,16.083,0.552,0.31,0.633,
RED,EPIC-W 8K,3.5K FF,,3584,1876,13.08,6.85,14.765,0.515,0.269,0.581,
RED,EPIC-W 8K,3.5K 2:1,,3584,1792,13.08,6.54,14.624,0.515,0.257,0.576,
RED,EPIC-W 8K,3.5K WS,,3584,1512,13.08,5.52,14.197,0.515,0.217,0.559,
RED,EPIC-W 8K,3.5K HD,,3456,1944,12.61,7.1,14.471,0.496,0.279,0.569,
RED,EPIC-W 8K,3K FF,,3072,1620,11.21,5.91,12.672,0.441,0.232,0.498,
RED,EPIC-W 8K,3K 2:1,,3072,1536,11.21,5.61,12.535,0.441,0.221,0.493,
RED,EPIC-W 8K,3K WS,,3072,1296,11.21,4.73,12.167,0.441,0.186,0.479,
RED,EPIC-W 8K,3K HD,,2880,1620,10.51,5.91,12.058,0.414,0.232,0.475,
RED,EPIC-W 8K,2.5K FF,,2560,1340,9.34,4.89,10.543,0.368,0.192,0.415,
RED,EPIC-W 8K,2.5K 2:1,,2560,1280,9.34,4.67,10.442,0.368,0.184,0.411,
RED,EPIC-W 8K,2.5K WS,,2560,1080,9.34,3.94,10.137,0.368,0.155,0.399,
RED,EPIC-W 8K,2.5K HD,,2304,1296,8.41,4.73,9.649,0.331,0.186,0.38,
RED,EPIC-W 8K,2K FF,,2048,1080,7.48,3.94,8.454,0.294,0.155,0.332,
RED,EPIC-W 8K,2K 2:1,,2048,1024,7.48,3.74,8.363,0.294,0.147,0.329,
RED,EPIC-W 8K,2K WS,,2048,864,7.48,3.15,8.116,0.294,0.124,0.319,
RED,EPIC-W 8K,2K HD,,1920,1080,7.01,3.94,8.041,0.276,0.155,0.317,
RED,EPIC-W 5K,5K 1.7:1,,5120,3000,30.72,18.0,35.605,1.209,0.708,1.401,
RED,EPIC-W 5K,5K FF,,5120,2700,30.72,16.2,34.73,1.209,0.638,1.367,
RED,EPIC-W 5K,5K 2:1,,5120,2560,30.72,15.36,34.346,1.209,0.605,1.352,
RED,EPIC-W 5K,5K WS,,5120,2160,30.72,12.96,33.342,1.209,0.51,1.312,
RED,EPIC-W 5K,5K HD,,4800,2700,28.8,16.2,33.044,1.134,0.638,1.301,
RED,EPIC-W 5K,4.5K FF,,4608,2412,27.65,14.47,31.207,1.088,0.569,1.228,
RED,EPIC-W 5K,4.5K 2:1,,4608,2304,27.65,13.82,30.911,1.088,0.544,1.216,
RED,EPIC-W 5K,4.5K WS,,4608,1944,27.65,11.66,30.008,1.088,0.459,1.181,
RED,EPIC-W 5K,4.5K HD,,4320,2376,25.92,14.26,29.584,1.02,0.561,1.164,
RED,EPIC-W 5K,4K FF,,4096,2160,24.58,12.96,27.787,0.968,0.51,1.094,
RED,EPIC-W 5K,4K 2:1,,4096,2048,24.58,12.29,27.481,0.968,0.484,1.082,
RED,EPIC-W 5K,4K WS,,4096,1728,24.58,10.37,26.678,0.968,0.408,1.05,
RED,EPIC-W 5K,4K HD,,3840,2160,23.04,12.96,26.435,0.907,0.51,1.041,
RED,EPIC-W 5K,3.5K FF,,3584,1876,21.5,11.26,24.27,0.846,0.443,0.955,
RED,EPIC-W 5K,3.5K 2:1,,3584,1792,21.5,10.75,24.038,0.846,0.423,0.946,
RED,EPIC-W 5K,3.5K WS,,3584,1512,21.5,9.07,23.335,0.846,0.357,0.918,
RED,EPIC-W 5K,3.5K HD,,3456,1944,20.74,11.66,23.793,0.816,0.459,0.936,
RED,EPIC-W 5K,3K FF,,3072,1620,18.43,9.72,20.836,0.725,0.382,0.819,
RED,EPIC-W 5K,3K 2:1,,3072,1536,18.43,9.22,20.608,0.725,0.363,0.811,
RED,EPIC-W 5K,3K WS,,3072,1296,18.43,7.78,20.005,0.725,0.306,0.787,
RED,EPIC-W 5K,3K HD,,2880,1620,17.28,9.72,19.826,0.68,0.382,0.78,
RED,EPIC-W 5K,2.5K FF,,2560,1340,15.36,8.04,17.337,0.605,0.316,0.683,
RED,EPIC-W 5K,2.5K 2:1,,2560,1280,15.36,7.68,17.173,0.605,0.302,0.676,
RED,EPIC-W 5K,2.5K WS,,2560,1080,15.36,6.48,16.671,0.605,0.255,0.657,
RED,EPIC-W 5K,2.5K HD,,2304,1296,13.82,7.78,15.859,0.544,0.306,0.624,
RED,EPIC-W 5K,2K FF,,2048,1080,12.29,6.48,13.894,0.484,0.255,0.547,
RED,EPIC-W 5K,2K 2:1,,2048,1024,12.29,6.14,13.738,0.484,0.242,0.541,
RED,EPIC-W 5K,2K WS,,2048,864,12.29,5.18,13.337,0.484,0.204,0.525,
RED,EPIC-W 5K,2K HD,,1920,1080,11.52,6.48,13.217,0.453,0.255,0.52,
RED,EPIC MYSTERIUM-X 5K S35,5K FF,,5120,2700,27.65,14.58,31.259,1.088,0.574,1.23,
RED,EPIC MYSTERIUM-X 5K S35,5K HD,,4800,2700,25.92,14.58,29.739,1.02,0.574,1.17,
RED,EPIC MYSTERIUM-X 5K S35,5K 2:1,,5120,2560,27.65,13.83,30.916,1.088,0.544,1.216,
RED,EPIC MYSTERIUM-X 5K S35,5K WS,,5120,2160,27.65,11.66,30.008,1.088,0.459,1.181,
RED,EPIC MYSTERIUM-X 5K S35,5K ANA,,3600,2700,19.44,14.58,24.3,0.765,0.574,0.956,
RED,EPIC MYSTERIUM-X 5K S35,4K,,4096,2160,22.12,11.66,25.005,0.87,0.459,0.984,
RED,EPIC MYSTERIUM-X 5K S35,4K HD,,3840,2160,20.74,11.66,23.793,0.816,0.459,0.936,
RED,EPIC MYSTERIUM-X 5K S35,4K 2:1,,4096,2048,22.12,11.06,24.731,0.87,0.435,0.973,
RED,EPIC MYSTERIUM-X 5K S35,4K WS,,4096,1706,22.12,9.21,23.961,0.87,0.362,0.942,
RED,EPIC MYSTERIUM-X 5K S35,3K,,3072,1620,16.59,8.75,18.756,0.653,0.344,0.738,
RED,EPIC MYSTERIUM-X 5K S35,3K HD,,2880,1620,15.55,8.75,17.843,0.0,0.344,0.344,
RED,EPIC MYSTERIUM-X 5K S35,3K 2:1,,3072,1536,16.59,8.29,18.546,0.653,0.326,0.73,
RED,EPIC MYSTERIUM-X 5K S35,3K WS,,3072,1280,16.59,6.91,17.972,0.653,0.272,0.707,
RED,EPIC MYSTERIUM-X 5K S35,2K,,2048,1080,11.06,5.83,12.502,0.435,0.229,0.492,
RED,EPIC MYSTERIUM-X 5K S35,2K HD,,1920,1080,10.37,5.83,11.896,0.408,0.229,0.468,
RED,EPIC MYSTERIUM-X 5K S35,2K 2:1,,2048,1024,11.06,5.54,12.37,0.435,0.218,0.487,
RED,EPIC MYSTERIUM-X 5K S35,2K WS,,2048,854,11.06,4.61,11.982,0.435,0.181,0.471,
RED,EPIC MYSTERIUM-X 5K S35,1K HD,,1280,720,6.91,3.88,7.925,0.272,0.153,0.312,
RED,EPIC MYSTERIUM-X 5K S35,1K WS,,1280,480,6.91,2.59,7.379,0.272,0.102,0.29,
RED,SCARLET-W 6K,6K FF,,6144,3160,30.72,15.8,34.545,1.209,0.622,1.36,
RED,SCARLET-W 6K,5K FF,,5120,2700,25.58,13.49,28.919,1.007,0.531,1.138,
RED,SCARLET-W 6K,5K 2:1,,5120,2560,25.58,12.79,28.599,1.007,0.503,1.126,
RED,SCARLET-W 6K,5K WS,,5120,2160,25.58,10.79,27.763,1.007,0.424,1.093,
RED,SCARLET-W 6K,5K HD,,4800,2700,23.98,13.49,27.514,0.944,0.531,1.083,
RED,SCARLET-W 6K,4K FF,,4096,2160,20.47,10.79,23.14,0.806,0.425,0.911,
RED,SCARLET-W 6K,4K 2:1,,4096,2048,20.47,10.23,22.884,0.806,0.403,0.901,
RED,SCARLET-W 6K,4K WS,,4096,1728,20.47,8.63,22.215,0.806,0.339,0.874,
RED,SCARLET-W 6K,4K HD,,3840,2160,19.19,10.79,22.015,0.755,0.425,0.866,
RED,SCARLET-W 6K,3K FF,,3072,1620,15.36,8.1,17.365,0.605,0.319,0.684,
RED,SCARLET-W 6K,3K 2:1,,3072,1536,15.36,7.68,17.173,0.605,0.302,0.676,
RED,SCARLET-W 6K,3K WS,,3072,1296,15.36,6.48,16.671,0.605,0.255,0.657,
RED,SCARLET-W 6K,3K HD,,2880,1620,14.4,8.1,16.522,0.567,0.319,0.651,
RED,SCARLET-W 6K,2K FF,,2048,1080,10.24,5.4,11.577,0.403,0.212,0.455,
RED,SCARLET-W 6K,2K 2:1,,2048,1024,10.24,5.12,11.449,0.403,0.201,0.45,
RED,SCARLET-W 6K,2K WS,,2048,864,10.24,4.32,11.114,0.403,0.17,0.437,
RED,SCARLET-W 6K,2K HD,,1920,1080,9.6,5.4,11.015,0.378,0.212,0.433,
RED,SCARLET-W 5K,5K FF,,5120,2700,25.58,13.49,28.919,1.007,0.531,1.138,
RED,SCARLET-W 5K,5K 2:1,,5120,2560,25.58,12.79,28.599,1.007,0.503,1.126,
RED,SCARLET-W 5K,5K WS,,5120,2160,25.58,10.79,27.763,1.007,0.424,1.093,
RED,SCARLET-W 5K,5K HD,,4800,2700,23.98,13.49,27.514,0.944,0.531,1.083,
RED,SCARLET-W 5K,4.5K FF,,4608,2432,23.04,12.16,26.052,0.907,0.479,1.026,
RED,SCARLET-W 5K,4.5K 2:1,,4608,2304,23.04,11.52,25.76,0.907,0.453,1.014,
RED,SCARLET-W 5K,4.5K WS,,4608,1944,23.04,9.72,25.006,0.907,0.382,0.984,
RED,SCARLET-W 5K,4.5K HD,,4320,2432,21.6,12.16,24.788,0.85,0.479,0.976,
RED,SCARLET-W 5K,4K FF,,4096,2160,20.47,10.79,23.14,0.806,0.425,0.911,
RED,SCARLET-W 5K,4K 2:1,,4096,2048,20.47,10.23,22.884,0.806,0.403,0.901,
RED,SCARLET-W 5K,4K WS,,4096,1728,20.47,8.63,22.215,0.806,0.339,0.874,
RED,SCARLET-W 5K,4K HD,,3840,2160,19.19,10.79,22.015,0.755,0.425,0.866,
RED,SCARLET-W 5K,3.5K FF,,3584,1876,17.92,9.38,20.226,0.705,0.369,0.796,
RED,SCARLET-W 5K,3.5K 2:1,,3584,1792,17.92,8.96,20.035,0.705,0.353,0.788,
RED,SCARLET-W 5K,3.5K WS,,3584,1512,17.92,7.56,19.449,0.705,0.297,0.765,
RED,SCARLET-W 5K,3.5K HD,,3360,1876,16.8,9.38,19.241,0.661,0.369,0.757,
RED,SCARLET-W 5K,3K FF,,3072,1620,15.36,8.1,17.365,0.605,0.319,0.684,
RED,SCARLET-W 5K,3K 2:1,,3072,1536,15.36,7.68,17.173,0.605,0.302,0.676,
RED,SCARLET-W 5K,3K WS,,3072,1296,15.36,6.48,16.671,0.605,0.255,0.657,
RED,SCARLET-W 5K,3K HD,,2880,1620,14.4,8.1,16.522,0.567,0.319,0.651,
RED,SCARLET-W 5K,2.5K FF,,2560,1340,12.8,6.7,14.447,0.504,0.264,0.569,
RED,SCARLET-W 5K,2.5K 2:1,,2560,1280,12.8,6.4,14.311,0.504,0.252,0.563,
RED,SCARLET-W 5K,2.5K WS,,2560,1080,12.8,5.4,13.892,0.504,0.212,0.547,
RED,SCARLET-W 5K,2.5K HD,,2400,1340,12.0,6.7,13.744,0.472,0.264,0.541,
RED,SCARLET-W 5K,2K FF,,2048,1080,10.24,5.4,11.577,0.403,0.212,0.455,
RED,SCARLET-W 5K,2K 2:1,,2048,1024,10.24,5.12,11.449,0.403,0.201,0.45,
RED,SCARLET-W 5K,2K WS,,2048,864,10.24,4.32,11.114,0.403,0.17,0.437,
RED,SCARLET-W 5K,2K HD,,1920,1080,9.6,5.4,11.015,0.378,0.212,0.433,
RED,SCARLET MX,5K FF,,5120,2700,27.65,14.58,31.259,1.088,0.574,1.23,
RED,SCARLET MX,5K HD,,4800,2700,25.92,14.58,29.739,1.02,0.574,1.17,
RED,SCARLET MX,5K 2:1,,5120,2560,27.65,13.83,30.916,1.088,0.544,1.216,
RED,SCARLET MX,5K WS,,5120,2160,27.65,11.66,30.008,1.088,0.459,1.181,
RED,SCARLET MX,5K ANA,,3600,2700,19.44,14.58,24.3,0.765,0.574,0.956,
RED,SCARLET MX,4K,,4096,2160,22.12,11.66,25.005,0.87,0.459,0.984,
RED,SCARLET MX,4K HD,,3840,2160,20.74,11.66,23.793,0.816,0.459,0.936,
RED,SCARLET MX,4K 2:1,,4096,2048,22.12,11.06,24.731,0.87,0.435,0.973,
RED,SCARLET MX,4K WS,,4096,1706,22.12,9.21,23.961,0.87,0.362,0.942,
RED,SCARLET MX,3K,,3072,1620,16.59,8.75,18.756,0.653,0.344,0.738,
RED,SCARLET MX,3K HD,,2880,1620,15.55,8.75,17.843,0.0,0.344,0.344,
RED,SCARLET MX,3K 2:1,,3072,1536,16.59,8.29,18.546,0.653,0.326,0.73,
RED,SCARLET MX,3K WS,,3072,1280,16.59,6.91,17.972,0.653,0.272,0.707,
RED,SCARLET MX,2K,,2048,1080,11.06,5.83,12.502,0.435,0.229,0.492,
RED,SCARLET MX,2K HD,,1920,1080,10.37,5.83,11.896,0.408,0.229,0.468,
RED,SCARLET MX,2K 2:1,,2048,1024,11.06,5.54,12.37,0.435,0.218,0.487,
RED,SCARLET MX,2K WS,,2048,854,11.06,4.61,11.982,0.435,0.181,0.471,
RED,SCARLET MX,1K HD,,1280,720,6.91,3.88,7.925,0.272,0.153,0.312,
RED,SCARLET MX,1K WS,,1280,480,6.91,2.59,7.379,0.272,0.102,0.29,
RED,RAVEN 4.5K,4.5K 2.1,,4608,2160,23.04,10.8,25.446,0.907,0.425,1.002,
RED,RAVEN 4.5K,4.5K WS,,4608,1944,23.04,9.72,25.006,0.907,0.382,0.984,
RED,RAVEN 4.5K,4K FF,,4096,2160,20.48,10.8,23.153,0.806,0.425,0.911,
RED,RAVEN 4.5K,4K 2:1,,4096,2048,20.48,10.24,22.897,0.806,0.403,0.901,
RED,RAVEN 4.5K,4K WS,,4096,1728,20.48,8.64,22.228,0.806,0.34,0.875,
RED,RAVEN 4.5K,4K HD,,3840,2160,19.2,10.8,22.029,0.756,0.425,0.867,
RED,RAVEN 4.5K,3.5K FF,,3584,1876,17.92,9.38,20.226,0.705,0.369,0.796,
RED,RAVEN 4.5K,3.5K 2:1,,3584,1792,17.92,8.96,20.035,0.705,0.353,0.788,
RED,RAVEN 4.5K,3.5K WS,,3584,1512,17.92,7.56,19.449,0.705,0.297,0.765,
RED,RAVEN 4.5K,3.5K HD,,3360,1876,16.8,9.38,19.241,0.661,0.369,0.757,
RED,RAVEN 4.5K,3K FF,,3072,1620,15.36,8.1,17.365,0.605,0.319,0.684,
RED,RAVEN 4.5K,3K 2:1,,3072,1536,15.36,7.68,17.173,0.605,0.302,0.676,
RED,RAVEN 4.5K,3K WS,,3072,1296,15.36,6.48,16.671,0.605,0.255,0.657,
RED,RAVEN 4.5K,3K HD,,2880,1620,14.4,8.1,16.522,0.567,0.319,0.651,
RED,RAVEN 4.5K,2.5K FF,,2560,1340,12.8,6.7,14.447,0.504,0.264,0.569,
RED,RAVEN 4.5K,2.5K 2:1,,2560,1280,12.8,6.4,14.311,0.504,0.252,0.563,
RED,RAVEN 4.5K,2.5K WS,,2560,1080,12.8,5.4,13.892,0.504,0.212,0.547,
RED,RAVEN 4.5K,2.5K HD,,2400,1340,12.0,6.7,13.744,0.472,0.264,0.541,
RED,RAVEN 4.5K,2K FF,,2048,1080,10.24,5.4,11.577,0.403,0.212,0.455,
RED,RAVEN 4.5K,2K 2:1,,2048,1024,10.24,5.12,11.449,0.403,0.0,0.403,
RED,RAVEN 4.5K,2K WS,,2048,864,10.24,4.32,11.114,0.403,0.17,0.437,
RED,RAVEN 4.5K,2K HD,,1920,1080,9.6,5.4,11.015,0.378,0.212,0.433,
RED,RAVEN 4.5K,1K HD,,1280,720,6.91,3.88,7.925,0.272,0.153,0.312,
RED,RAVEN 4.5K,1K WS,,1280,480,6.91,2.59,7.379,0.272,0.102,0.29,
RED,One MX,4.5K WS,,4480,1920,24.19,10.37,26.319,0.952,0.408,1.036,
RED,One MX,4K HD 4096 x 2304,,4096,2304,22.12,12.44,25.378,0.87,0.489,0.998,
RED,One MX,4K 2:1,,4096,2048,22.12,11.06,24.731,0.87,0.435,0.973,
RED,One MX,4K HD 3840 x 2160,,3840,2160,20.74,11.66,23.793,0.816,0.459,0.936,
RED,One MX,4K ANA,,2816,2304,15.21,12.44,19.649,0.598,0.489,0.772,
RED,One MX,3K HD,,3072,1728,16.59,9.33,19.034,0.653,0.367,0.749,
RED,One MX,3K 2:1,,3072,1536,16.59,8.29,18.546,0.653,0.326,0.73,
RED,One MX,3K ANA,,2112,1728,11.4,9.33,14.731,0.448,0.367,0.579,
RED,One MX,2K HD,,2048,1152,11.06,6.22,12.689,0.435,0.245,0.499,
RED,One MX,2K 2:1,,2048,1024,11.06,5.54,12.37,0.435,0.218,0.487,
RED,One MX,2K ANA,,1408,1152,7.6,6.22,9.821,0.299,0.245,0.387,
Sony,VENICE,6K Full Frame Mode 6K 1.85:1,,6054,3272,36.0,19.4,40.894,1.417,0.764,1.61,
Sony,VENICE,6K Full Frame Mode 6K 17:9,,6054,3192,36.0,19.0,40.706,1.417,0.748,1.602,
Sony,VENICE,6K Full Frame Mode 6K 3:2,,6048,4032,35.9,24.0,43.183,1.413,0.945,1.7,
Sony,VENICE,6K Full Frame Mode 6K 2.39:1,,6048,2534,35.9,15.0,38.908,1.413,0.59,1.531,
Sony,VENICE,6K Full Frame Mode 5.7K 16:9,,5670,3190,33.7,18.9,38.638,1.327,0.744,1.521,
Sony,VENICE,4K Anamorphic Mode 4K 6:5,,4096,3432,24.3,20.4,31.728,0.957,0.803,1.249,
Sony,VENICE,4K Anamorphic Mode 4K 4:3,,4096,3024,24.3,18.0,30.241,0.957,0.708,1.19,
Sony,VENICE,4K Super35 Mode 4K 17:9,,4096,2160,24.3,12.8,27.465,0.957,0.504,1.082,
Sony,VENICE,4K Super35 Mode 3.8K 16:9,,3840,2160,22.8,12.8,26.147,0.898,0.504,1.03,
Sony,F65,All,,,,24.7,13.1,27.959,0.972,0.516,1.1,
Sony,F55,All,,,,24.0,12.7,27.153,0.945,0.5,1.069,
Sony,F5,All,,,,24.0,12.7,27.153,0.945,0.5,1.069,
Sony,F35,All,,,,23.6,13.3,27.09,0.929,0.523,1.066,
Sony,PMW-F3,All,,,,23.6,13.3,27.09,0.929,0.523,1.066,
Sony,F23,All,,,,9.59,5.39,11.001,0.377,0.212,0.433,
Sony,HDC-4800,All,,,,23.6,13.3,27.09,0.929,0.523,1.066,
Sony,HDC-P1,All,,,,9.59,5.39,11.001,0.377,0.212,0.433,
Sony,HDC-F950,All,,,,9.59,5.39,11.001,0.377,0.212,0.433,
Sony,HDW-F900R,All,,,,9.59,5.39,11.001,0.377,0.212,0.433,
Sony,NEX-FS700,All,,,,24.0,12.7,27.153,0.945,0.5,1.069,
Sony,NEX-FS100,All,,,,23.6,13.3,27.09,0.929,0.523,1.066,
Sony,NEX-VG900,All,,,,35.8,20.1,41.057,1.409,0.791,1.616,
Sony,NEX-VG30H,All,,,,23.5,13.2,26.953,0.925,0.519,1.061,
Sony,NEX-VG20,All,,,,23.6,13.3,27.09,0.929,0.523,1.066,
Sony,PMW-EX1,All,,,,6.97,3.92,7.997,0.274,0.154,0.314,
Sony,PMW-EX3,All,,,,6.97,3.92,7.997,0.274,0.154,0.314,
Sony,PXW-FS7,All,,,,23.6,13.3,27.09,0.929,0.523,1.066,
Sony,PXW-FS5,All,,,,23.6,13.3,27.09,0.929,0.523,1.066,
Sony,PXW-Z150,All,,,,13.2,8.8,15.864,0.519,0.346,0.624,
Sony,SRW-9000PL,All,,,,23.6,13.3,27.09,0.929,0.523,1.066,
Sony,SRW-9000,All,,,,9.59,5.39,11.001,0.377,0.212,0.433,
Sony,UMC-S3C,All,,,,36.0,20.25,41.305,0.519,0.346,0.624,
Sony,FDR-X1000V,All,,,,6.19,4.57,7.694,0.243,0.179,0.302,
Sony,HDR-AS200V,All,,,,6.19,4.57,7.694,0.243,0.179,0.302,
Sony,HDR-AS100V,All,,,,6.19,4.57,7.694,0.243,0.179,0.302,
Sony,HDR-AZ1VR,All,,,,6.19,4.57,7.694,0.243,0.179,0.302,
Sony,HDR-AS30V,All,,,,6.19,4.57,7.694,0.243,0.179,0.302,
Sony,HDR-AS20V,All,,,,6.19,4.57,7.694,0.243,0.179,0.302,
Sony,a7 III,All,,,,35.6,23.8,42.823,1.401,0.937,1.685,
Sony,a7 II,All,,,,35.8,20.1,41.057,1.409,0.791,1.616,
Sony,a7R II,All,,,,35.9,20.2,41.193,1.41,0.795,1.619,
Sony,a7S,All,,,,35.8,20.1,41.057,1.41,0.793,1.618,
Sony,a99,All,,,,35.8,20.1,41.057,1.41,0.793,1.618,
Sony,a77,All,,,,23.5,13.2,26.953,0.925,0.52,1.061,
Sony,a6500,All,,,,23.5,15.6,28.207,0.925,0.614,1.11,
DJI,Osmo Pro and Raw,All,,,,17.3,9.7,19.834,0.681,0.381,0.78,
DJI,Osmo+,All,,,,6.17,3.47,7.079,0.243,0.136,0.278,
DJI,Osmo,All,,,,6.17,3.47,7.079,0.243,0.136,0.278,
DJI,Zenmuse X7,CinemaDNG 6016 x 3200,,6016,3200,23.5,12.5,26.618,0.925,0.492,1.048,
DJI,Zenmuse X7,CinemaDNG 5760 x 3240,,5760,3240,22.5,12.7,25.837,0.886,0.5,1.017,
DJI,Zenmuse X7,CinemaDNG 4096 x 2160,,4096,2160,23.5,12.5,26.618,0.925,0.492,1.048,
DJI,Zenmuse X7,CinemaDNG 3944 x 2088,,3944,2088,15.4,8.2,17.447,0.606,0.323,0.687,
DJI,Zenmuse X7,CinemaDNG 3840 x 2160,,3840,2160,22.5,12.7,25.837,0.886,0.5,1.017,
DJI,Zenmuse X7,CinemaDNG 3712 x 2088,,3712,2088,14.5,8.2,16.658,0.571,0.323,0.656,
DJI,Zenmuse X7,Apple ProRes 4444 XQ 3840 x 2160,,3840,2160,22.5,12.7,25.837,0.886,0.5,1.017,
DJI,Zenmuse X7,Apple ProRes 4444 XQ 2048 x 1080,,2048,1080,15.4,8.2,17.447,0.606,0.323,0.687,
DJI,Zenmuse X7,Apple ProRes 4444 XQ 1920 x 1080,,1920,1080,14.5,8.2,16.658,0.571,0.323,0.656,
DJI,Zenmuse X7,Apple ProRes 422 HQ 5280 x 2160,,5280,2160,23.5,9.6,25.385,0.925,0.378,0.999,
DJI,Zenmuse X7,Apple ProRes 422 HQ 4096 x 2160,,4096,2160,23.5,12.5,26.618,0.925,0.492,1.048,
DJI,Zenmuse X7,Apple ProRes 422 HQ 3840 x 2160,,3840,2160,22.5,12.7,25.837,0.886,0.5,1.017,
DJI,Zenmuse X7,Apple ProRes 422 HQ 2704 x 1520,,2704,1520,14.5,8.2,16.658,0.571,0.323,0.656,
DJI,Zenmuse X7,Apple ProRes 422 HQ 2048 x 1080,,2048,1080,15.4,8.2,17.447,0.606,0.323,0.687,
DJI,Zenmuse X7,Apple ProRes 422 HQ 1920 x 1080,,1920,1080,14.5,8.2,16.658,0.571,0.323,0.656,
DJI,Zenmuse X7,H.265 4096 x 2160,,4096,2160,23.5,12.5,26.618,0.925,0.492,1.048,
DJI,Zenmuse X7,H.265 3840 x 2160,,3840,2160,22.5,12.7,25.837,0.886,0.5,1.017,
DJI,Zenmuse X7,H.265 3840 x 1572,,3840,1572,23.5,9.6,25.385,0.925,0.378,0.999,
DJI,Zenmuse X7,H.265 2720 x 1530,,2720,1530,22.5,12.7,25.837,0.886,0.5,1.017,
DJI,Zenmuse X7,H.265 1920 x 1080,,1920,1080,22.5,12.7,25.837,0.886,0.5,1.017,
DJI,Zenmuse X7,H.264 4096 x 2160,,4096,2160,23.5,12.5,26.618,0.925,0.492,1.048,
DJI,Zenmuse X7,H.264 3840 x 2160,,3840,2160,22.5,12.7,25.837,0.886,0.5,1.017,
DJI,Zenmuse X7,H.264 3840 x 1572,,3840,1572,23.5,9.6,25.385,0.925,0.378,0.999,
DJI,Zenmuse X7,H.264 2720 x 1530,,2720,1530,22.5,12.7,25.837,0.886,0.5,1.017,
DJI,Zenmuse X7,H.264 1920 x 1080,,1920,1080,22.5,12.7,25.837,0.886,0.5,1.017,
DJI,Zenmuse X5R,All,,,,17.3,9.7,19.834,0.681,0.381,0.78,
DJI,Zenmuse X5S,All,,,,17.3,9.7,19.834,0.681,0.381,0.78,
DJI,Zenmuse X5,All,,,,17.3,9.7,19.834,0.681,0.381,0.78,
DJI,Zenmuse X4S,All,,,,12.8,7.2,14.686,0.504,0.283,0.578,
DJI,Inspire 1,All,,,,6.17,3.47,7.079,0.243,0.136,0.278,
DJI,Mavic Air,All,,,,6.17,3.47,7.079,0.243,0.136,0.278,
DJI,Mavic,All,,,,6.17,3.47,7.079,0.243,0.136,0.278,
DJI,Phantom 4 Pro,All,,,,12.8,7.2,14.686,0.504,0.283,0.578,
DJI,Phantom 4 Advanced,All,,,,12.8,7.2,14.686,0.504,0.283,0.578,
DJI,Phantom 4,All,,,,6.17,3.47,7.079,0.243,0.136,0.278,
GoPro,HERO7 Black,All,,,,6.17,4.63,7.714,0.243,0.182,0.304,
GoPro,HERO6 Black,All,,,,6.17,4.63,7.714,0.243,0.182,0.304,
GoPro,HERO5 Black,All,,,,6.17,3.47,7.079,0.243,0.137,0.279,
GoPro,HERO5 Session,All,,,,4.54,3.42,5.684,0.179,0.135,0.224,
GoPro,HERO4 Black,All,,,,6.17,4.55,7.666,0.243,0.179,0.302,
GoPro,HERO4 Silver,All,,,,5.37,4.04,6.72,0.211,0.159,0.264,
GoPro,HERO4 Session,All,,,,4.57,3.43,5.714,0.179,0.135,0.224,
GoPro,HERO,All,,,,4.57,3.43,5.714,0.179,0.135,0.224,
GoPro,HERO3+ Black Edition,All,,,,6.17,4.55,7.666,0.243,0.179,0.302,
GoPro,HERO3+ Silver Edition,All,,,,5.37,4.04,6.72,0.211,0.159,0.264,
GoPro,HERO3 Black Edition,All,,,,6.17,4.55,7.666,0.243,0.179,0.302,
GoPro,HERO3 White Edition,All,,,,5.76,4.29,7.182,0.227,0.169,0.283,
GoPro,HERO3 Silver Edition,All,,,,5.37,4.04,6.72,0.211,0.159,0.264,
GoPro,HD HERO2,All,,,,5.76,4.29,7.182,0.22,0.17,0.278,
GoPro,HD HERO,All,,,,5.76,4.29,7.182,0.22,0.17,0.278,
Nikon,D4,All,,,,36.0,20.25,41.305,1.417,0.797,1.626,
Nikon,D7100,All,,,,23.6,13.275,27.077,0.929,0.523,1.066,
Nikon,D7000,All,,,,23.6,13.275,27.077,0.929,0.523,1.066,
Nikon,D5100,All,,,,23.6,13.275,27.077,0.929,0.523,1.066,
Nikon,D90,All,,,,23.6,13.275,27.077,0.929,0.523,1.066,
